file,application_id,application_name,application_version,spec_version,logical_components,nested_artifacts,services,sha256
sbom/APP-0001_Paiements-SEPA_concertdef-2.0.0.json,APP-0001,Paiements-SEPA,2.1.1,2.0.0,2,14,2,f0ff34293d814f02ce820b67fc4e03f4fad49c890d360cd8f577a7fdd2de0a5b
sbom/APP-0002_Portail-Client_concertdef-2.0.0.json,APP-0002,Portail-Client,2.2.2,2.0.0,2,14,2,73298cc2079a68a61a691674f3a60ecf4fc7550e3a7b19955a9f25b35cab14a7
sbom/APP-0003_API-Sinistres_concertdef-2.0.0.json,APP-0003,API-Sinistres,2.3.3,2.0.0,2,14,2,78484b7505010e732fcdaa2b15cfd85fe467db78a97a1fb2754a7ca754241550
sbom/APP-0004_Mobile-Banking_concertdef-2.0.0.json,APP-0004,Mobile-Banking,2.4.4,2.0.0,2,14,2,eb7321885a2181537c95dd3a392a9f4c3d7c1890d5306389e94d48fbb1f10e66
sbom/APP-0005_Gestion-Contrats_concertdef-2.0.0.json,APP-0005,Gestion-Contrats,2.5.5,2.0.0,2,14,2,cc1f8beb9af0a4a3a6fa074e20d6ee80d375d40993ac1699ead8619a2be21062
sbom/APP-0006_CRM-Conseillers_concertdef-2.0.0.json,APP-0006,CRM-Conseillers,2.0.6,2.0.0,2,14,2,65e1c2761deba7c2c3daf7064ce14e55ee360c5018ea545239045e6a1ad3d638
sbom/APP-0007_Facturation_concertdef-2.0.0.json,APP-0007,Facturation,2.1.7,2.0.0,2,14,2,522c4f07d57e7908a8fa59914d72df5d136c5887c5051cd150db170081101d5e
sbom/APP-0008_Data-Hub_concertdef-2.0.0.json,APP-0008,Data-Hub,2.2.8,2.0.0,2,14,2,0713c236b7f1ac28a78566572d24e5bd1bda88d4c71596bc84f39d1f86b7d1f7
sbom/APP-0009_IAM-Gateway_concertdef-2.0.0.json,APP-0009,IAM-Gateway,2.3.9,2.0.0,2,14,2,5963c3cd342c819b0a00ddeeb7fce2730c0c7ec03a51cb6a75cbfdd8da6eb42e
sbom/APP-0010_GED_concertdef-2.0.0.json,APP-0010,GED,2.4.0,2.0.0,2,14,2,2df827f094b0529aee6bf57d4a7852670ee25af94d00fb45301028107af7385c
sbom/APP-0011_Notification-Service_concertdef-2.0.0.json,APP-0011,Notification-Service,2.5.1,2.0.0,2,14,2,c5d845a87b8b6869ba7de40969aff203c87e3da66014e86950e17895592cc9d7
sbom/APP-0012_Tarification_concertdef-2.0.0.json,APP-0012,Tarification,2.0.2,2.0.0,2,14,2,7bebb493143a07487671886acdd2db8e5a93572f9df6b534554378f783603927
sbom/APP-0013_Fraude-Temps-Reel_concertdef-2.0.0.json,APP-0013,Fraude-Temps-Reel,2.1.3,2.0.0,2,14,2,9f1d7a77626e19eb8373fdcc5637b0eccf3cc1f50a5badc60a1c19e21b75dacf
sbom/APP-0014_Referentiel-Client_concertdef-2.0.0.json,APP-0014,Referentiel-Client,2.2.4,2.0.0,2,14,2,11bbb09b9b240b8c2d506780ba137aca878d79fa83fae9e75e0121e1e3799403
sbom/APP-0015_Comptabilite_concertdef-2.0.0.json,APP-0015,Comptabilite,2.3.5,2.0.0,2,14,2,f7bfe60bcd2434a88eeff6eba6380502d678c0ec6ffca0ec7c2798a3f854fc30
sbom/APP-0016_Reporting-Reglementaire_concertdef-2.0.0.json,APP-0016,Reporting-Reglementaire,2.4.6,2.0.0,2,14,2,370f11cff8eee07a5db3a27cf9d5f31af0218dda23af6407cbf4d0b4f30533e3
sbom/APP-0017_Open-Banking-API_concertdef-2.0.0.json,APP-0017,Open-Banking-API,2.5.7,2.0.0,2,14,2,617001bba5088a3ef031477d5350ebf600919a28e94e35f860ced868115ffddf
sbom/APP-0018_Batch-Reconciliation_concertdef-2.0.0.json,APP-0018,Batch-Reconciliation,2.0.8,2.0.0,2,14,2,bbf239c51a14ed684f10879e61cebc3933924144d98e4aa5e0630ba89a286842
sbom/APP-0019_KYC-Service_concertdef-2.0.0.json,APP-0019,KYC-Service,2.1.9,2.0.0,2,14,2,ed313b37a827f5f69710699dda7ce7423e0df4450d9e3fa8df4de884e5004678
sbom/APP-0020_Document-Signature_concertdef-2.0.0.json,APP-0020,Document-Signature,2.2.0,2.0.0,2,14,2,beb893d01f09223576d50dc056405e26152bce777f55b334516e9f816f6eff51
sbom/APP-0021_Claims-Portal_concertdef-2.0.0.json,APP-0021,Claims-Portal,2.3.1,2.0.0,2,14,2,be71970eee93151edea4e2e3de1b8c03e9c13a3e41fe9e054d1e87f9061402d9
sbom/APP-0022_Partner-Gateway_concertdef-2.0.0.json,APP-0022,Partner-Gateway,2.4.2,2.0.0,2,14,2,2f882f6876a73828d84ec3e31b0419c2dad46dc72645d45cdf7272c6c763213e
sbom/APP-0023_Treasury_concertdef-2.0.0.json,APP-0023,Treasury,2.5.3,2.0.0,2,14,2,83ec686b73ecf2a0b51d9307f29aeefed4d8eda3dd45fa48cf41a6b3a7fd892f
sbom/APP-0024_Risk-Engine_concertdef-2.0.0.json,APP-0024,Risk-Engine,2.0.4,2.0.0,2,14,2,2c2617040f91e29ffcd44224b4c7c49a1955d19339c2908fa3a803319a444eaf
sbom/APP-0025_Customer-360_concertdef-2.0.0.json,APP-0025,Customer-360,2.1.5,2.0.0,2,14,2,48af2a64fb1c18958ecbf0dd79dda6fb5123bc33c75f785dda3b8a2b53a751ea
sbom/APP-0026_Consent-Management_concertdef-2.0.0.json,APP-0026,Consent-Management,2.2.6,2.0.0,2,14,2,c64ed82fa1fe95f3c6f112999812cbf02b0335e4e128924e4559d61896c3b4d7
sbom/APP-0027_Archive-Service_concertdef-2.0.0.json,APP-0027,Archive-Service,2.3.7,2.0.0,2,14,2,38d9c74086353304c550fe6609dd57c2b3fe2d1e4fbe5df109b1fdd4c011af13
sbom/APP-0028_Marketing-Automation_concertdef-2.0.0.json,APP-0028,Marketing-Automation,2.4.8,2.0.0,2,14,2,21721901046e17a79e7566dbfd571608a2f5700fac9aa9855484fd9014288b5c
sbom/APP-0029_Loan-Origination_concertdef-2.0.0.json,APP-0029,Loan-Origination,2.5.9,2.0.0,2,14,2,f491075ac043041a3b1db91c5c14eb062e45592bb149433a2787b4f66cde4ed9
sbom/APP-0030_Card-Authorization_concertdef-2.0.0.json,APP-0030,Card-Authorization,2.0.0,2.0.0,2,14,2,fc9f4387529a289d896c0cc7d0cd5fff768f0d9d8d4c33390d5ffcdb0b2b7599
